filename,newfilename,name,alias
0B.png,BMS.png,Blue Air,
0C.png,,Catovair,
0J.png,,Premium Jet AG,
0O.png,,STA Travel,
0P.png,,Palau Pacific Airways,
0V.png,VFC.png,Vietnam Air Services Company,
0W.png,,W Caribbean Costa Rica,
1A.png,AGT.png,Amadeus,
1B.png,,Abacus,Abacus
1C.png,,EDS Information Business,Gemini
1D.png,,Raddix Solutions,
1E.png,,Travelsky Technology,Civil China
1F.png,TTF.png,Infini Travel Information,
1G.png,,Travelport Galileo,Galileo
1H.png,,Sirena Travel,
1I.png,,Netjets Aviation,
1J.png,,Axess International,
1K.png,,Sutra,Southern
1L.png,,Navitaire Open Skies,
1M.png,,Sirena Jsc,Sertel
1N.png,,Navitaire New Skies,
1O.png,,Phoenix Systems Dertours,
1P.png,WSP.png,Travelport Worldspan,Worldspan
1Q.png,,Joint Stock Company Ital,
1R.png,,Bird Information Systems,
1S.png,,Sabre,
1T.png,,East Line,
1U.png,,ITA Software,Google ITA
1V.png,,Galileo International,Covia
1W.png,,Sabre,
1X.png,,Branson Air Express,
1Y.png,,Electronic Data Systems (EDS),
1Z.png,APD.png,Fantasia Info Network,Asia Pacific
2A.png,DBB.png,Deutsche Bahn,
2B.png,AWT.png,Albawings,
2C.png,,SNCF,
2D.png,EAL.png,"Eastern Airlines, LLC",
2E.png,EIX.png,Smokey Bay Air,Ei Air Export
2F.png,FAV.png,Fair Aviation,
2G.png,,Angara Airlines,
2H.png,,Thalys,
2I.png,SRU.png,Star Perú,
2J.png,VBW.png,Air Burkina,
2K.png,GLG.png,Aerolineas Galapagos,Aerogal
2L.png,OAW.png,Helvetic Airways,2L Helvetic
2M.png,MYD.png,Maya Island Air,
2N.png,NTJ.png,Nextjet,
2O.png,RNE.png,Redemption,
2P.png,GAP.png,PAL Express,
2Q.png,SNC.png,Air Cargo Carriers,
2R.png,VRR.png,VIA Rail Canada,
2S.png,,Air Carnival,
2T.png,TBS.png,Timbis Air,
2U.png,ERO.png,Ero Sun d'Or,
2V.png,,Amtrak,
2Z.png,PTB.png,Passaredo Transportes,
3A.png,,Chu Kong Passenger Transport,Mafira Air
3B.png,JBR.png,Job Air,
3C.png,,Calima Aviacion,Corporate Exp
3D.png,,Dokasch,
3E.png,OMQ.png,Multi Aero,Air Bretagne
3F.png,,Pacific Airways,
3G.png,CXM.png,AsiaCargo Express,
3H.png,AIE.png,Air Inuit,
3I.png,LFM.png,Pison Airways Ltd,Virgin Austra
3J.png,JBW.png,Jubba Airways Kenya,
3K.png,JSA.png,Jetstar Asia Airways,
3M.png,GFT.png,Silver Airways,
3N.png,URG.png,Air Urga,Airvantage
3O.png,MAC.png,Air Arabia Maroc,
3Q.png,,Carib Aviation Limited,Yunnan Air
3R.png,DVR.png,Divi Divi Air,
3S.png,,Air Antilles Express,
3T.png,TRQ.png,Tarco Air,Turan Air
3U.png,CSC.png,Sichuan Airlines,
3V.png,TAY.png,Tnt Airways,Viking Air
3W.png,MWI.png,Malawian Airlines,
3X.png,,Premier Trans Aire,
3Z.png,TVP.png,Travel Service Polska,
4A.png,AMP.png,Aero Transporte,ATSA
4B.png,TUP.png,Aviastar TU,
4C.png,ARE.png,LATAM Colombia,
4D.png,ASD.png,Air Sinai,
4E.png,TNR.png,Tanana Air Service,
4F.png,FDT.png,Freedom Airline Express,
4G.png,GZP.png,Gazpromavia,
4H.png,,United Airways Bangladesh,Trans Pacific
4I.png,IZM.png,Ihy Izmir Havayollari,
4J.png,,Flydamas Airlines,
4K.png,KBA.png,Kenn Borek Air,
4L.png,,Palau National Airlines,
4M.png,DSM.png,LATAM Argentina,
4N.png,,Air North,
4O.png,AIJ.png,Interjet,
4P.png,,Travel Air,
4Q.png,SFW.png,Safi Airways,
4R.png,SEK.png,Star East Airline,
4S.png,STB.png,Star Airways,Aerohonduras
4T.png,,Belair Airlines,Russian Air
4U.png,GWI.png,Germanwings,
4V.png,,Lacbravo,
4W.png,VNA.png,Warbelows Air Ventures,
4X.png,ANX.png,Atlantic Express Airline,
4Y.png,TUD.png,Flight Alaska,Yute Air Alaska
4Z.png,LNK.png,Airlink,
5B.png,BSX.png,Bassaka Air,
5C.png,,Nature Air,
5D.png,SLI.png,Aeroméxico Connect,Aeromexico Connect
5E.png,JTM.png,East Coast Flight Services,
5F.png,FIA.png,Fly One,
5H.png,FFV.png,Five Fourty Aviation,
5I.png,,ALSA,Alsa Grupo SLU
5J.png,CEB.png,Cebu Pacific,
5K.png,HFY.png,Hi Fly,
5L.png,,Fly Salone,
5M.png,MNT.png,Montserrat Airways,Sibaviatrans
5N.png,AUL.png,Jsc Nordavia,Jsc Nordavia
5O.png,FPO.png,ASL Airlines France,
5P.png,PCP.png,PAL Airlines,Aerolinea Principal Chile
5R.png,RUC.png,RUTACA Airlines,
5S.png,PSV.png,Servicios Aereos Profesionales,
5T.png,MPE.png,Canadian North,
5U.png,TGU.png,Transportes Aéreos Guatemaltecos,
5V.png,,Everts,Lviv Airlines
5W.png,,WESTBahn,
5X.png,UPS.png,UPS Airlines,
5Y.png,GTI.png,Atlas Air,
5Z.png,KEM.png,CemAir,
6A.png,AMW.png,Armenia Airways,
6B.png,BLX.png,Tuifly Nordic,Britannia
6C.png,,Air Timor,
6D.png,TVQ.png,Travel Service Slovensko,
6E.png,IGO.png,IndiGo,
6F.png,PRW.png,Primera Air Nordic,
6G.png,LTD.png,Executive Express Aviation,
6H.png,ISR.png,Israir Airlines,Israir Airlin
6I.png,,Air Alsie,
6J.png,,Solaseed Air,
6K.png,SGB.png,Songbird Airways,
6L.png,AKK.png,Aklak Air,
6M.png,,Air Minas Linhas Aereas,
6N.png,NIN.png,Niger Airlines,
6O.png,OBS.png,Orbest,
6Q.png,SAW.png,Cham Wings Airlines,Slovak Arlines
6R.png,DRU.png,ALROSA,
6S.png,SGQ.png,Saudi Gulf Airlines,
6T.png,,Air Mandalay,
6V.png,,Avanza,Mars Rk
6W.png,,Saratov Airlines,
6Y.png,ART.png,SmartLynx Airlines,
6Z.png,,Eurasia Air,
7A.png,XRC.png,Express Air Cargo,
7B.png,,Fly Blue Crane,
7C.png,JJA.png,Jeju Air,
7D.png,,MGC Aviation,
7E.png,AWU.png,Sylt Air,
7F.png,FAB.png,First Air,First Air
7G.png,SFJ.png,StarFlyer,
7H.png,RVF.png,Ravn Alaska,
7I.png,INC.png,Insel Air International,
7J.png,TJK.png,Tajik Air,
7K.png,,Kogalymavia Airlines,
7L.png,CRN.png,Aero Caribbean,
7M.png,MYI.png,Mayair,Aeromonterr
7N.png,PWD.png,PAWA Dominicana,
7O.png,TVL.png,Travel Service Hungary,
7P.png,PST.png,Air Panama,
7Q.png,,Elite Airways,
7R.png,RLU.png,RusLine,
7S.png,RYA.png,Ryan Air Services,
7T.png,,Trenitalia,
7U.png,,Alpha Air Transport,
7V.png,,Federal Airlines,Federal Airlines
7W.png,WRC.png,Wind Rose Aviation,
7Y.png,MYP.png,Mann Yadanarpon Airlines,
7Z.png,,Halcyon Air Cabo Verde,
8A.png,,Panama Airways,
8B.png,TNU.png,TransNusa Air Services,
8C.png,ATN.png,Air Transport International,
8D.png,,Servant Air,
8E.png,BRG.png,Bering Air,
8F.png,STP.png,STP Airways,
8G.png,MFG.png,Mid Africa Aviation,
8H.png,BGH.png,BH Air,
8I.png,NLU.png,Insel Air Aruba,
8J.png,,Línea Aerea Eco Jet,
8L.png,LKE.png,Lucky Air,
8M.png,MMA.png,Myanmar Airways International,
8N.png,REG.png,Regional Air Services,
8P.png,PCO.png,Pacific Coastal Airlines,Pac Coastal
8Q.png,OHY.png,Onur Air,
8R.png,OLS.png,Sol Líneas Aéreas,
8S.png,,Shun Tak China,
8T.png,TID.png,Air Tindi,
8U.png,AAW.png,Afriqiyah Airways,
8V.png,ACP.png,Astral Aviation,
8W.png,EDR.png,Fly All Ways Airlines,
8Y.png,AAV.png,Pan Pacific Airlines,
8Z.png,CGA.png,Congo Airways,
9A.png,,Aladia Airlines,Airatlantic
9B.png,,AccesRail,
9C.png,CQH.png,Spring Airlines,
9E.png,FLG.png,Endeavor Air,
9F.png,,Eurostar,
9G.png,,9G Rail,
9H.png,CGN.png,Chang An Airlines,
9I.png,LLR.png,Air India Regional,
9J.png,DAN.png,Dana Air,
9K.png,KAP.png,Cape Air,
9L.png,WLN.png,West Link Airways,
9M.png,GLR.png,Central Mountain Air,
9N.png,TOS.png,Tropic Air,
9P.png,PTR.png,Air Arabia Jordan,Petra Airlines
9Q.png,CXE.png,Caicos Express Airways,PB Air
9R.png,NSE.png,SATENA,
9S.png,SOO.png,Southern Air,
9T.png,RUN.png,MyCargo Airlines,
9U.png,MLD.png,Air Moldova,
9V.png,ROI.png,Avior Airlines,
9W.png,JAI.png,Jet Airways,
9X.png,FDY.png,Southern Airways Express,
A0.png,MCJ.png,Macair Jet,
A1.png,,G Switch Works,
A2.png,AZI.png,Astra Airlines,
A3.png,AEE.png,Aegean Airlines,
A4.png,,Azimuth,
A5.png,HOP.png,HOP!,
A6.png,HTU.png,Yunnan Hongtu Airline,
A7.png,CFV.png,Aéreo Calafia,Aereo Calafia
A8.png,XAU.png,Aerolink Uganda,
A9.png,,Georgian Airways,Arizena Air
AA.png,AAL.png,American Airlines,
AC.png,ACA.png,Air Canada,
AD.png,AZU.png,Azul Brazilian Airlines,Azul Linhas Aéreas Brasileiras
AE.png,MDA.png,Mandarin Airlines,
AF.png,AFR.png,Air France,
AG.png,,Aruba Airlines,
AH.png,DAH.png,Air Algerie,
AI.png,AIC.png,Air India,
AJ.png,,Aztec Worldwide Airlines,Aerocontracto
AK.png,AXM.png,AirAsia,
AL.png,ALD.png,Air Leisure,
AM.png,AMX.png,AeroMexico,AeroMexico
AN.png,RLA.png,HOP Airlinair,
AP.png,LAV.png,AlbaStar,
AQ.png,,9 Air,
AR.png,ARG.png,Aerolíneas Argentinas,
AS.png,ASA.png,Alaska Airlines,
AT.png,RAM.png,Royal Air Maroc,
AU.png,AUT.png,Austral Líneas Aéreas,Cielos del Sur
AV.png,AVA.png,Avianca,
AW.png,AFW.png,Africa World Airlines,
AX.png,LOF.png,Trans States Airlines,
AY.png,FIN.png,Finnair,
AZ.png,AZA.png,Alitalia,Alitalia S.A.I.
B0.png,DJT.png,La Compagnie,Dreamjet
B1.png,,Cions Software,
B2.png,BRU.png,Belavia,
B3.png,BTN.png,Bhutan Airlines,Tashi Air
B4.png,TAN.png,Zanair,
B5.png,EXZ.png,Fly-SAX,
B6.png,JBU.png,JetBlue,
B7.png,UIA.png,Uni Airways,
B8.png,ERT.png,Eritrean Airlines,
B9.png,IRB.png,Iran Air Tours,
BA.png,BAW.png,British Airways,
BB.png,SBS.png,Seaborne Airlines,
BC.png,SKY.png,Skymark Airlines,
BD.png,BYC.png,Cambodia Bayon Airlines,
BE.png,BEE.png,Flybe,Brit Europ
BF.png,FBU.png,French Bee,
BG.png,BBC.png,Biman Bangladesh Airline,
BH.png,BHA.png,Hawkair,
BI.png,RBA.png,Royal Brunei,Royalbrunei
BJ.png,LBT.png,Nouvelair,
BK.png,OKA.png,Okay Airways,Paradise Isl
BL.png,PIC.png,Jetstar Pacific Airlines,Pacific Air
BM.png,BMR.png,bmi regional,British Midland Regional Limited
BN.png,,Bahrain Air,Horizon Airli
BO.png,,BB Airways,
BP.png,BOT.png,Air Botswana,
BR.png,EVA.png,EVA Air,
BS.png,,US-Bangla Airlines,
BT.png,BTI.png,airBaltic,
BU.png,FPY.png,Compagnie Africaine d'Aviation,
BV.png,BPA.png,Blue Panorama Airlines,Blue Panorama
BW.png,BWA.png,Caribbean Airlines,
BX.png,ABL.png,Air Busan,
BY.png,TOM.png,Thomson Airways,Britannia Airways
BZ.png,BBG.png,Bluebird Airways,
C0.png,CLW.png,Centralwings,
C1.png,,Tectimes Sudamerica,
C2.png,,Ceiba Intercontinental,Ceiba
C3.png,TDR.png,Trade Air,
C4.png,,Alma De Mexico,
C5.png,UCA.png,CommutAir,Champlain Enterprises
C6.png,CJA.png,Canjet Airlines,Bright Airlines
C7.png,RLE.png,Cinnamon Air,Saffron Aviation
C8.png,CRA.png,Cronos Airlines,
C9.png,SWZ.png,Skywise,Cabolor
CA.png,CCA.png,Air China,
CC.png,OMT.png,CM Airlines,
CD.png,CND.png,Corendon Dutch Airlines,Seaview Air
CE.png,CLG.png,Chalair Aviation,Chalair
CF.png,CYZ.png,China Postal Airlines,
CG.png,TOK.png,PNG Air,
CH.png,BMJ.png,Bemidji Airlines,
CI.png,CAL.png,China Airlines,
CJ.png,CFE.png,BA CityFlyer,China North
CK.png,NDR.png,China Cargo Airlines,Andesmar Lin
CL.png,CLH.png,Lufthansa CityLine,
CM.png,CMP.png,Copa Airlines,Compañía Panameña de Aviación
CN.png,GDC.png,Grand China Air,
CO.png,FCB.png,Cobalt Air,
CP.png,CPZ.png,Compass Airlines,
CQ.png,,Coastal Travels,
CR.png,,OAG Worldwide,
CS.png,CXB.png,Comlux Aruba,
CT.png,CYL.png,Alitalia CityLiner,Air One CityLiner
CU.png,CUB.png,Cubana De Aviacion,Cubana
CV.png,CLX.png,Cargolux,
CX.png,CPA.png,Cathay Pacific,
CY.png,CYP.png,Charlie Airlines,
CZ.png,CSN.png,China Southern Airlines,
D0.png,DHK.png,DHL Air UK,
D2.png,SSF.png,Severstal Air Company,
D3.png,DAO.png,Daallo Airlines,Daallo Airlin
D4.png,LID.png,DART Ltd,
D6.png,INL.png,Interair,
D7.png,XAX.png,AirAsia X,
D8.png,IBK.png,Norwegian Air International,
D9.png,DNV.png,Donavia,
DA.png,GEO.png,Air Georgia,Air Georgia
DB.png,BZH.png,HOP Brit Air,
DC.png,BRX.png,Braathens Regional,
DD.png,,Nok Air,
DE.png,CFG.png,Condor,
DF.png,CIB.png,Condor Berlin,
DG.png,SRQ.png,Cebgo,
DH.png,DTS.png,Douniah Airlines,
DI.png,NRS.png,Norwegian Air UK,
DJ.png,WAJ.png,AirAsia Japan,
DK.png,VKG.png,Thomas Cook Airlines,Eastland Air
DL.png,DAL.png,Delta Air Lines,
DM.png,DEX.png,Asian Air,Sterling Blue
DN.png,NAA.png,Norwegian Air Argentina,
DO.png,,Discovery Airways,Air Vallee
DP.png,,Pobeda,
DQ.png,DCP.png,Delta Connection,Coastal Air
DR.png,,Ruili Airlines,Air Link
DS.png,EZS.png,easyJet Switzerland,
DT.png,DTA.png,Taag,
DU.png,NLH.png,Norwegian Long Haul,
DV.png,VSV.png,SCAT Airlines,
DW.png,GDE.png,Great Dane Airlines,
DX.png,DTR.png,Danish Air Transport,
DY.png,NAX.png,Norwegian Air Shuttle (NAS),
DZ.png,,Donghai Airlines,
E2.png,EWE.png,Eurowings Europe,
E3.png,VGO.png,New Gen Airways,Sabaidee Airways
E4.png,ENT.png,Enter Air,
E5.png,RBG.png,Air Arabia Egypt,
E6.png,,Bringer Air Cargo,
E7.png,,Equaflight Service,Fly European
E8.png,GTA.png,City Airways,
E9.png,EVE.png,Evelop Airlines,
EB.png,PLM.png,Wamos Air,Pullmantur Air
EC.png,BOS.png,OpenSkies,
ED.png,AXE.png,Air Explore,Airblue
EE.png,EST.png,Nordica,
EF.png,,Fly CamInter,
EG.png,ETJ.png,East Air,Japan Asia
EH.png,AKX.png,ANA Wings,
EI.png,EIN.png,Aer Lingus,
EJ.png,NEA.png,New England Airlines,New Englan
EK.png,UAE.png,Emirates,
EL.png,ELB.png,Ellinair,
EM.png,,Aero Benin,
EN.png,DLA.png,Air Dolomiti,Air Dolomiti
EO.png,AGY.png,Air Go Egypt,
EP.png,IRC.png,Iran Aseman Airlines,
EQ.png,TAE.png,TAME,TAME EP Línea Aérea del Ecuador
ER.png,SEP.png,SereneAir,
ES.png,DHX.png,DHL International Aviation ME,
ET.png,ETH.png,Ethiopian Airlines,
EU.png,,Chengdu Airlines,Ecuatoriana
EV.png,ASQ.png,ExpressJet Airlines,
EW.png,EWG.png,Eurowings,
EY.png,ETD.png,Etihad Airways,
EZ.png,SUS.png,Sun Air of Scandinavia,
F1.png,,Farelogix,
F2.png,XLK.png,Safarilink Aviation,
F3.png,FAD.png,Flyadeal,
F4.png,WAF.png,Air Flamenco,Air Flamenco
F7.png,DWT.png,Etihad Regional,Darwin Airline
F8.png,FLE.png,Flair Airlines,
F9.png,FTT.png,Frontier Airlines,
FA.png,SFR.png,Safair,
FB.png,LZB.png,Bulgaria Air,Balkan Air To
FC.png,,Fly Corporate,
FD.png,AIQ.png,Thai AirAsia,
FE.png,FEA.png,Far Eastern Air Transport,
FG.png,AFG.png,Ariana Afghan Airlines,Ariana
FH.png,FHY.png,Freebird Airlines,Futura Intl
FI.png,ICE.png,Icelandair,
FJ.png,FJI.png,Fiji Airways,Fiji Airways
FK.png,KFA.png,Kelowna Flightcraft Air Charter,
FL.png,TRS.png,Airtran Airways,
FM.png,CSH.png,Shanghai Airlines,
FN.png,FTZ.png,Fastjet,
FO.png,FXX.png,Felix Airways,
FP.png,,Pelican Airlines,
FR.png,RYR.png,Ryanair,
FT.png,FEG.png,FlyEgypt,
FU.png,FZA.png,Fuzhou Airlines,
FV.png,SDM.png,Rossiya,
FW.png,IBX.png,Ibex Airlines,
FX.png,FXA.png,Fedex,Express Air
FY.png,FFM.png,Flyfirefly,
FZ.png,FDB.png,flydubai,Dubai Aviation Corporation
G2.png,,Galeyr Airline,
G3.png,GLO.png,Gol Transportes Aéreos,
G4.png,AAY.png,Allegiant Air,
G5.png,HXA.png,China Express Airlines,
G6.png,DNM.png,Denim Air,
G7.png,GJS.png,GoJet Airlines,
G8.png,GOW.png,GoAir,
G9.png,ABY.png,Air Arabia,
GA.png,GIA.png,Garuda Indonesia,
GB.png,ABX.png,ABX Air,
GC.png,,Global Feeder Services,
GE.png,TNA.png,TransAsia Airways,
GF.png,GFA.png,Gulf Air,
GG.png,KYE.png,Sky Lease Cargo,
GH.png,GHA.png,Globus,Ghana Air
GI.png,IKA.png,Itek Air,
GJ.png,CDC.png,Zhejiang Loong Airlines,Eurofly
GK.png,,Jetstar Japan,
GL.png,GRL.png,Air Greenland,
GM.png,GSW.png,Germania Flug,
GO.png,GOE.png,Go,
GP.png,RIV.png,APG Airlines,
GQ.png,SEH.png,Sky Express,
GR.png,AUR.png,Aurigny Air Services,
GS.png,GCR.png,Tianjin Airlines,
GT.png,CGH.png,Air Guilin,
GU.png,GUG.png,Aviateca,
GV.png,SWV.png,Grant Aviation,
GW.png,SKG.png,SkyGreece Airlines,
GX.png,,Guangxi Beibu Gulf Airlines,
GY.png,,Colorful Guizhou Airlines,
GZ.png,,Air Rarotonga,
H1.png,,Hahn Air Systems,
H2.png,SKU.png,Sky Airline,
H3.png,HES.png,Harbour Air,
H4.png,AEH.png,Aero4M,
H6.png,BUC.png,Bulgarian Air Charter,
H7.png,EGU.png,Eagle Air,
H8.png,,Chilejet,
H9.png,HIM.png,Himalaya Airlines,
HA.png,HAL.png,Hawaiian Airlines,
HB.png,AAQ.png,Asia Atlantic Airlines,
HC.png,SZN.png,Air Senegal,
HD.png,ADO.png,Air Do,Hokkaido International Airlines
HE.png,,LGW Luftfahrtges Walter,
HF.png,,Air Cote D Ivoire,Aircoteivoire
HH.png,TBM.png,Taban Airlines,
HI.png,,Papillon Airways,Papillonair
HJ.png,HEJ.png,Hellas Jet,Hellenic Star
HK.png,,Skippers Aviation,
HM.png,SEY.png,Air Seychelles,
HN.png,,Afghan Jet International,
HO.png,DKH.png,Juneyao Airlines,
HP.png,APF.png,Amapola Flyg,
HQ.png,TCW.png,Thomas Cook Airlines Belgium,Harmony Air
HR.png,HHN.png,Hahn Air,
HS.png,HLI.png,Heli Sécurité,
HU.png,CHH.png,Hainan Airlines,
HV.png,TRA.png,Transavia Airlines,
HW.png,,North Wright Air,North Wright
HX.png,CRK.png,Hong Kong Airlines,
HY.png,UZB.png,Uzbekistan Airways,
HZ.png,SHU.png,Aurora Airlines,SAT Airlines
I1.png,,CTS Viaggi,
I2.png,IBS.png,Iberia Express,
I3.png,TBZ.png,ATA Airlines,
I4.png,,Scott Air,
I5.png,,AirAsia India,
I6.png,MPK.png,Air Indus,
I7.png,IIA.png,Int'Air Îles,Int'Air Iles
I8.png,IZA.png,Izhavia,Aboriginalair
IA.png,IAW.png,Iraqi Airways,
IB.png,IBE.png,Iberia,
IC.png,,Nacil Indian Airline,
ID.png,BTK.png,Batik Air,
IE.png,SOL.png,Solomon Airlines,Solomon Air
IF.png,FBA.png,FlyBaghdad,
IG.png,ISS.png,Air Italy,
IH.png,MZA.png,Jsc Irtysh Air,Falcon Air
II.png,CSQ.png,IBC Airways,
IJ.png,,Spring Airlines Japan,
IK.png,AKL.png,Air Kiribati,
IL.png,,Trigana Air Service,Istanbul Air
IM.png,,Mint Líneas Aéreas,Intensive Air
IN.png,NIH.png,NAM Air,
IO.png,IAE.png,IrAero,
IP.png,IWD.png,Iberworld Airlines,Atyrauauejoly
IQ.png,,Qazaq Air,
IR.png,IRA.png,Iran Air,
IS.png,PNX.png,AIS Airlines,
IT.png,TTW.png,Tigerair Taiwan,
IU.png,ASN.png,Hevilift,Air Straubing
IV.png,,Air Djibouti,
IW.png,WON.png,Wings Air,
IX.png,AXB.png,Air India Express,
IY.png,IYE.png,Yemen Airways,
IZ.png,AIZ.png,Arkia,Arkia Israeli
J0.png,,Jetlink Express,
J1.png,,OntJet,
J2.png,AHY.png,Azerbaijan Airlines,
J3.png,PLR.png,Northwestern Air Lease,Nw Air Lease
J4.png,BDR.png,Badr Airlines,
J5.png,,Alaska Seaplane Service,Stock Sochi
J6.png,OPS.png,Jet-Ops,Seawings
J7.png,ABS.png,Afrijet Business Service,
J8.png,BVT.png,Berjaya Air,
J9.png,,Jazeera Airways,
JA.png,,Jetsmart,
JB.png,JBA.png,Helijet International,Helijet
JC.png,JAC.png,Japan Air Commuter,
JD.png,CBJ.png,Beijing Capital Airlines,
JE.png,MNO.png,Mango,
JF.png,JAA.png,Jet Asia Airways,
JG.png,,Jetgo Australia,
JH.png,FDA.png,Fuji Dream Airlines,Nordeste
JI.png,,Eastern Caribbean Airlines,
JJ.png,TAM.png,LATAM Brasil,
JL.png,JAL.png,Japan Airlines,JAL
JM.png,KQA.png,Jambojet,
JO.png,JTG.png,Jet Time,Jalways
JQ.png,JST.png,Jetstar,Jetstar Airways
JR.png,JOY.png,Joy Air,
JS.png,KOR.png,Air Koryo,Kor Air Dpr
JT.png,LNI.png,Lion Air,
JU.png,ASL.png,Air Serbia,
JV.png,BLS.png,Bearskin Airlines,
JW.png,VNL.png,Vanilla Air,
JX.png,,DAC East Africa,
JY.png,IWY.png,InterCaribbean Airways,Air Turcks
K3.png,,Taquan Air Services,
K4.png,,ALS,
K5.png,SQH.png,SeaPort,
K6.png,KHV.png,Cambodia Angkor Air,
K7.png,KBZ.png,Air KBZ,
K8.png,KND.png,Kan Air,
K9.png,KFS.png,Kalitta Charters,
KA.png,HDA.png,Cathay Dragon,
KB.png,DRK.png,Druk Air,
KC.png,KZR.png,Air Astana,
KD.png,WGN.png,Western Global Airlines,
KE.png,KAL.png,Korean Air,
KF.png,ABB.png,Air Belgium,
KG.png,GTV.png,Aerogaviota,King Island
KH.png,AAH.png,Aloha Air Cargo,
KI.png,,KrasAvia,
KJ.png,IAH.png,Air Incheon,
KK.png,KKK.png,AtlasGlobal,
KL.png,KLM.png,KLM,KLM Royal Dutch Airlines
KM.png,AMC.png,Air Malta,
KN.png,CUA.png,China United Airlines,
KO.png,KMA.png,Komiaviatrans,
KP.png,SKK.png,ASKY Airlines,
KQ.png,KQA.png,Kenya Airways,
KR.png,EAA.png,Air Bishkek,
KS.png,PEN.png,Penair,Pen Air
KT.png,,Fly Kiss,
KU.png,KAC.png,Kuwait Airways,
KV.png,SKV.png,Sky Regional Airlines,
KW.png,,Kharkiv Airlines,
KX.png,CAY.png,Cayman Airways,
KY.png,KNA.png,Kunming Airlines,
KZ.png,NCA.png,Nippon Cargo Airlines,
L1.png,,E Savtravel,
L3.png,,Lynx Aviation,Ltu Billa Luf
L4.png,,Air Service Liege (ASL),
L5.png,TLB.png,Atlantique Air Assistance,
L6.png,,Mauritanian Airlines Int,
L7.png,LHS.png,Lugansk Airlines,
L8.png,,Afric Aviation,
L9.png,BAL.png,Belle Air Europe,
LA.png,LAN.png,LATAM Chile,
LB.png,,Air Costa,
LC.png,PTI.png,ECAir,
LF.png,VTE.png,Corporate Flight Management,
LG.png,LGL.png,Luxair,Luxair
LH.png,GEC.png,Lufthansa Cargo,
LI.png,LIA.png,LIAT,
LJ.png,JNA.png,Jin Air,
LK.png,LLL.png,Lao Skyway,
LL.png,BSK.png,Miami Air International,
LM.png,,Loganair,Livingston
LN.png,LAA.png,Libyan Airlines,
LO.png,LOT.png,LOT Polish Airlines,
LP.png,LPE.png,LATAM Perú,
LQ.png,MKR.png,Lanmei Airlines,
LR.png,LRC.png,Avianca Costa Rica,
LS.png,EXS.png,Jet2.com,
LT.png,SNG.png,Longjiang Airlines,
LU.png,LXP.png,LAN Express,
LV.png,,Level,
LW.png,ANV.png,Pacific Wings,Air Nevada
LX.png,SWR.png,Swiss International Air Lines,Swiss
LY.png,ELY.png,El Al,El Al Israel Airlines
LZ.png,SWU.png,Swiss Global Air Lines,
M0.png,MNG.png,Aero Mongolia,
M2.png,,MHS Aviation,
M3.png,NFA.png,Air Norway,
M4.png,MSA.png,Mistral Air,
M5.png,KEN.png,Kenmore Air,
M6.png,AJT.png,Amerijet International,
M8.png,MSJ.png,SKYJET Airlines,
M9.png,,Motor Sich Jsc,Motor Sich
MB.png,MNB.png,Mng Airlines Cargo,
MC.png,,Air Mobility Command,
MD.png,MDG.png,Air Madagascar,
ME.png,MEA.png,Middle East Airlines,
MF.png,CXA.png,XiamenAir,
MG.png,MGD.png,Miami Air Lease,
MH.png,MAS.png,Malaysia Airlines,
MI.png,SLK.png,SilkAir,
MJ.png,MLR.png,Mihin Lanka,
MK.png,MAU.png,Air Mauritius,
MM.png,APJ.png,Peach Aviation,Medellin
MN.png,CAW.png,Comair,
MO.png,CAV.png,Calm Air International,
MP.png,MPH.png,Martinair,
MQ.png,ENY.png,Envoy Air,
MR.png,MML.png,Hunnu Air,Mongolian Air
MS.png,MSR.png,EgyptAir,
MT.png,TCX.png,Thomas Cook Airlines,
MU.png,CES.png,China Eastern Airlines,
MW.png,MKL.png,Mokulele Airlines,
MY.png,MWG.png,MASwings,
MZ.png,AHX.png,Amakusa Airlines,
N2.png,,Dagestan Airlines,
N3.png,,Aerolineas Mas,Omskavia
N4.png,NWS.png,Nord Wind,
N5.png,NRL.png,Nolinor Aviation,
N6.png,,Nomad Aviation,Aerocontinent
N7.png,WBA.png,Nordic Regional Airlines,Norra
N8.png,MUA.png,National Airlines,
N9.png,NVR.png,Novair,
NA.png,,Nesma Airlines,
NB.png,EAN.png,Skypower Express Airways,
NC.png,JTE.png,Cobham Aviation Services Australia,
ND.png,FMI.png,FMI Air,
NE.png,NMA.png,Nesma Airlines,
NF.png,AVN.png,Air Vanuatu,
NH.png,ANA.png,All Nippon Airways,ANA
NI.png,PGA.png,Portugalia,Portugália–Companhia Portuguesa de Transportes Aéreos
NJ.png,,Niger Airways,
NK.png,NKS.png,Spirit Airlines,
NL.png,SAI.png,Shaheen Air,
NM.png,,Manx,
NN.png,MOV.png,Vim Airlines,
NO.png,NOS.png,Neos,
NP.png,NIA.png,Nile Air,Nile Air
NQ.png,AJX.png,Air Japan,
NR.png,MAV.png,Manta Air,
NS.png,,Hebei Airlines,Caucasus Air
NT.png,IBB.png,Binter Canarias,
NU.png,JTA.png,Japan Transocean Air,Japan Transoc
NV.png,IRG.png,Iranian Naft Airline,
NW.png,,Northwest Airlines,Nwest Airlines
NX.png,AMU.png,Air Macau,
NY.png,FXI.png,Air Iceland,
NZ.png,ANZ.png,Air New Zealand,
O2.png,,Jet Air,Jet Air
O4.png,,Antrak Air,
O5.png,KMZ.png,Comores Aviation International,
O7.png,,Orenburg Region Airlines,
O9.png,NOV.png,Nova Airways,
OA.png,OAL.png,Olympic Air,
OB.png,BOV.png,Boliviana de Aviación (BoA),
OC.png,NGK.png,Oriental Air Bridge,Omni Aviacao
OD.png,,Malindo Airways,
OE.png,LDM.png,Lauda,
OF.png,OLA.png,Overland Airways,
OG.png,AFN.png,Air Freight NZ,
OH.png,JIA.png,PSA Airlines,
OI.png,HND.png,Hinterland Aviation,Italiatour
OJ.png,FJM.png,Fly Jamaica Airways,
OK.png,CSA.png,Czech Airlines,
OL.png,PAO.png,Polynesian Airlines,
OM.png,MGL.png,Miat Mongolian Airlines,
ON.png,RON.png,Nauru Airlines,Our Airline
OO.png,SKW.png,SkyWest Airlines,
OP.png,PPL.png,Air Pegasus,
OQ.png,,Chongqing Airlines,
OR.png,TFL.png,TUI Airlines Netherlands,
OS.png,AUA.png,Austrian Airlines,
OU.png,CTN.png,Croatia Airlines,
OW.png,SEW.png,Skyward Express,
OX.png,OEA.png,Orient Thai Airlines,
OY.png,ANS.png,Andes Líneas Aéreas,
OZ.png,AAR.png,Asiana Airlines,
P0.png,PFZ.png,Proflight Commuter,Proflight
P1.png,,Publiccharters Com,Publiccharter
P2.png,XAK.png,Airkenya Express,
P3.png,CLU.png,CargoLogicAir,
P4.png,,Aerolineas Sosa,
P5.png,RPB.png,Copa Airlines Colombia,AeroRepública
P6.png,PSC.png,Pascan Aviation,
P8.png,SRN.png,SprintAir,
P9.png,PVN.png,Peruvian Airlines,
PA.png,ABQ.png,Airblue,Florida Coast
PB.png,SPR.png,Provincial Airlines,Provincial
PC.png,PGT.png,Pegasus Airlines,
PD.png,POE.png,Porter Airlines,
PE.png,PEV.png,Peoples Viennaline,
PF.png,PRI.png,Primera Air Scandinavia,
PG.png,BKP.png,Bangkok Airways,
PH.png,,Transavia Denmark,Polynesian
PI.png,RKA.png,Polar Airlines,
PJ.png,,Air Saint Pierre,
PK.png,PIA.png,Pakistan International Airlines (PIA),
PL.png,,Southern Air Charter,
PM.png,CNF.png,Canaryfly,
PN.png,,China West Air,Pan Am
PO.png,PAC.png,Polar Air Cargo,
PP.png,PJS.png,Jet Aviation Business,
PQ.png,APG.png,AirAsia Philippines,
PR.png,PAL.png,Philippine Airlines,
PS.png,AUI.png,Ukraine International Airlines,
PT.png,PDT.png,Piedmont Airlines,
PU.png,,Plus Ultra Líneas Aéreas,
PV.png,SBU.png,Saint Barth Commuter,Pauknair
PW.png,PRF.png,Precision Air,
PX.png,ANG.png,Air Niugini,
PY.png,SLM.png,Surinam Airways,Surinam Air
PZ.png,LAP.png,LATAM Paraguay,
Q0.png,,Quebecair Express,
Q1.png,,Sqiva Sistem,
Q2.png,DQA.png,Maldivian,
Q3.png,AAS.png,Anguilla Air Services,
Q4.png,,Aviation Starlink,Swazi Express
Q5.png,MLA.png,Forty Mile Air,
Q6.png,SKP.png,Skytrans Regional,Mineralnye Vo
Q7.png,SBM.png,Sky Bahamas Airlines,
Q8.png,TSG.png,Trans Air Congo,
Q9.png,,Airliaison,Afrinat Intl
QA.png,CIM.png,Cimber,
QB.png,IRQ.png,Qeshm Air,Sky Georgia
QC.png,CRC.png,Camair-Co,
QD.png,DOB.png,Dobrolet Airlines,
QE.png,QFZ.png,Fars Qeshm Airlines,Crossair Eur
QF.png,QFA.png,Qantas,
QG.png,CTV.png,Citilink Indonesia,Prima Air
QH.png,LYN.png,Air Kyrgyzstan,
QJ.png,LTP.png,Latpass Airlines,
QK.png,JZA.png,Jazz Aviation,Jazz Air
QL.png,LER.png,Linea Aerea De Servicio,
QM.png,,Monacair,
QO.png,,Quantum Air,
QP.png,,Air Kenya Aviation,Airkenya Avn
QQ.png,FWQ.png,Alliance Airlines,
QR.png,QTR.png,Qatar Airways,
QS.png,TVS.png,Smartwings,Travel Service
QT.png,TPA.png,Tampa Cargo,Regional
QU.png,UTN.png,UTair Ukraine,
QV.png,LAO.png,Lao Airlines,
QW.png,,Qingdao Airlines,Qw BLUE Wings
QX.png,QXE.png,Horizon Air,
QY.png,,European Air Transport,
QZ.png,AWQ.png,Indonesia AirAsia,Awair
R0.png,,MS Royal Airlines,
R3.png,SYL.png,Yakutia Airlines,
R4.png,RLT.png,Real Tonga,
R5.png,JAV.png,Jordan Aviation,
R6.png,DNU.png,DOT LT,
R7.png,OCA.png,Aserca,Aserca
R8.png,KGA.png,Kyrgyzstan Airlines,
R9.png,TSD.png,TAF Linhas Aereas,Air Charter
RA.png,RNA.png,Nepal Airlines,
RB.png,SYR.png,Syrian Arab Airlines,
RC.png,FLI.png,Atlantic Airways,
RE.png,STK.png,Stobart Air,Aer Arann
RF.png,,Ord Air Charter,
RG.png,RJD.png,Rotana Jet,
RH.png,,Robin Hood Aviation,
RI.png,MDL.png,Air Costa Rica,
RJ.png,RJA.png,Royal Jordanian,Ryljordania
RK.png,,Region Airline,
RL.png,ABG.png,Royal Flight,
RM.png,NGT.png,Aircompany Armenia,
RN.png,RKT.png,Rayani Air,
RO.png,ROT.png,TAROM,
RP.png,CHQ.png,Chautauqua Airlines,
RQ.png,KMF.png,Kam Air,
RR.png,RFR.png,Royal Air Force,RAF NO
RS.png,ASV.png,Air Seoul,
RT.png,RAT.png,Rainbow Airlines,
RU.png,SKI.png,Air Bridge Cargo,Tci Skyking
RV.png,,Air Canada Rouge,
RW.png,RYL.png,Royal Air Charter Service,
RX.png,,Regent Airways,
RY.png,CJX.png,Jiangxi Air,
RZ.png,LRS.png,SANSA Airlines,
S0.png,OKS.png,Slok Air International,
S1.png,LSY.png,Lufthansa Systems,
S2.png,RSH.png,Jet Lite,
S3.png,BBR.png,SBA Airlines,
S4.png,RZO.png,SATA International,
S5.png,TCF.png,Shuttle America,
S6.png,SNR.png,Sunrise Airways,
S7.png,SBI.png,S7 Airlines,
S8.png,SDA.png,Sounds Air,
S9.png,IKM.png,Starbow,Starbow
SA.png,SAA.png,South African Airways,SAA
SB.png,ACI.png,Aircalin,Cal Int
SC.png,CDG.png,Shandong Airlines,
SD.png,SUD.png,Sudan Airways,
SF.png,DTH.png,Tassili Airlines,
SG.png,SEJ.png,SpiceJet,
SH.png,,Sharp Aviation,Fly Me
SI.png,BCI.png,Blue Islands,
SJ.png,SJY.png,Sriwijaya Air,
SK.png,SAS.png,Scandinavian Airlines,
SL.png,TLM.png,Thai Lion Air,Rio Sul
SM.png,MSC.png,Air Cairo,
SN.png,BEL.png,Brussels Airlines,
SO.png,,Apex Airline,
SP.png,RZO.png,SATA Air Açores,
SQ.png,SIA.png,Singapore Airlines,
SS.png,CRL.png,Corsair,
ST.png,GMI.png,Germania,
SU.png,AFL.png,Aeroflot,
SV.png,SVA.png,Saudia,Saudi Arabian Airlines
SW.png,NMB.png,Air Namibia,
SX.png,SRK.png,SkyWork Airlines,
SY.png,SCX.png,Sun Country,
SZ.png,SMR.png,Somon Air,
T0.png,TPU.png,Avianca Perú,TACA Peru
T1.png,,Tik Systems,
T2.png,FLB.png,Fly Art,
T3.png,EZE.png,Eastern Airways,
T4.png,,Trip,
T5.png,TUA.png,Turkmenistan Airlines,
T6.png,ITI.png,ITI Air,Island Transvoyager
T7.png,TJT.png,Twin Jet,
T9.png,,Aviator Aviation,
TA.png,TAI.png,Avianca El Salvador,TACA Airlines
TB.png,JAF.png,TUIfly Belgium,
TC.png,ATC.png,Air Tanzania,
TD.png,,Atlantis European Airways,Atlantis
TE.png,IGA.png,Sky Taxi,
TF.png,BRA.png,BRA,
TG.png,THA.png,Thai Airways,
TH.png,RMY.png,Raya Airways,
TI.png,TWI.png,Tailwind Hava Yollari As,Baltic Int
TJ.png,GPD.png,Tradewind Aviation,
TK.png,THY.png,Turkish Airlines,
TL.png,ANO.png,Airnorth,Capiteq Limited
TM.png,LAM.png,Lam Mozambique,
TN.png,THT.png,Air Tahiti Nui,
TO.png,,Transavia France,President Air
TP.png,TAP.png,TAP Portugal,
TQ.png,TDM.png,Tandem Aero,
TR.png,TGW.png,Tigerair,
TS.png,TSC.png,Air Transat,
TT.png,TGW.png,Tigerair Australia,
TU.png,TAR.png,Tunisair,Tunis Air
TV.png,TBA.png,Tibet Airlines,
TW.png,TWB.png,T'way Air,
TX.png,FWI.png,Air Caraibes,
TY.png,TPC.png,Air Caledonie,
TZ.png,SCO.png,Scoot,
U1.png,,Videcom International,
U2.png,EZY.png,easyJet,
U3.png,AIA.png,Avies,
U4.png,BHA.png,Buddha Air,
U5.png,,Karinou Airlines,USA 3000
U6.png,SVR.png,Ural Airlines,
U7.png,,Air Uganda,Norcanair
U8.png,CYF.png,Tus Airways,
U9.png,,Tatarstan Air,
UA.png,UAL.png,United Airlines,
UB.png,UBA.png,Myanmar National Airlines,UTD Myanmar
UC.png,LCO.png,LAN Cargo,Ladeco
UD.png,HER.png,Hex Air,
UE.png,,Nasair,
UF.png,UKM.png,Um Air,
UG.png,,Tunisair Express,Tuninter
UH.png,UJX.png,AtlasJet Ukraine,US Helicopter
UI.png,AUK.png,Auric Air Services,
UJ.png,LMU.png,AlMasria Universal Airlines,
UK.png,VTI.png,Vistara,Tata SIA Airlines
UL.png,ALK.png,SriLankan Airlines,
UM.png,AZW.png,Air Zimbabwe,
UN.png,TSO.png,Transaero Airlines,
UO.png,HKE.png,Hong Kong Express Airways,
UP.png,BHS.png,Bahamasair,
UQ.png,,Business Aviation Centre,O Connor
UR.png,UGD.png,Uganda Airlines,
US.png,AWE.png,US Airways,
UT.png,UTA.png,UTair Aviation,UTair
UU.png,REU.png,Air Austral,
UV.png,,Helicopteros Del Sureste,
UX.png,AEA.png,Air Europa,
UY.png,SPD.png,Sky Prime Charter,
UZ.png,BRQ.png,Buraq Air,
V0.png,VCV.png,Conviasa,Conviasa
V1.png,,IBS Software Services Americas,
V2.png,RBY.png,Vision Airlines,
V3.png,KRP.png,Carpatair,
V4.png,VES.png,Vieques Air Link,
V5.png,DAP.png,Aerovias DAP,
V6.png,,Air Link,
V7.png,VOL.png,Volotea,
V8.png,IAR.png,Iliamna Air,Contact Air
V9.png,,Van Air Europe,
VA.png,VOZ.png,Virgin Australia,
VB.png,VIV.png,Aeroenlaces Nacionales,
VC.png,SRY.png,ViaAir,
VD.png,,Hennan Airlines,
VE.png,EFY.png,EasyFly,
VG.png,VLM.png,VLM Airlines,
VH.png,VVC.png,Viva Air Colombia,
VI.png,,Volga Dnepr Airline,
VJ.png,VJC.png,VietJet Air,
VK.png,FOO.png,Anisec Luftfahrt,
VL.png,VIM.png,Air VIA,
VN.png,HVN.png,Vietnam Airlines,
VO.png,WLM.png,VLM Airlines Slovenia,
VP.png,VQI.png,Villa Air,
VQ.png,,Novoair,
VR.png,TCV.png,Tacv Cabo Verde Airlines,TACV
VS.png,VIR.png,Virgin Atlantic,
VT.png,VTA.png,Air Tahiti,
VU.png,VAR.png,Vuelos Economicos,
VV.png,VPE.png,Viva Airlines Peru,
VW.png,TAO.png,Aeromar,
VX.png,VRD.png,Virgin America,
VY.png,VLG.png,Vueling,
VZ.png,TVJ.png,Thai Vietjet Air,
W1.png,,WorldTicket,
W2.png,FXT.png,Flexflight,Flexflight
W3.png,ARA.png,Arik Air,
W5.png,IRM.png,Mahan Airlines,
W6.png,WZZ.png,Wizz Air,
W7.png,SAH.png,Sayakhat Airlines,Sayakhat Air
W8.png,WND.png,Caribbean Winds Airlines,La Costena
W9.png,,Air Bagan,
WA.png,KLC.png,KLM Cityhopper,
WB.png,RWD.png,Rwandair,
WC.png,ISV.png,Islena Airlines,Islena Air
WD.png,AAN.png,Amsterdam Airlines Bv,Das Air
WE.png,THD.png,Thai Smile Airways,Rheintalflg
WF.png,WIF.png,Widerøe,Wideroe
WG.png,SWG.png,Sunwing Airlines,Sunwing Airlines
WH.png,,West African Airlines,
WI.png,WHT.png,White Airways,
WJ.png,LAL.png,Air Labrador,Labrador Airways
WK.png,EDW.png,Edelweiss Air,
WL.png,ECB.png,European Coastal Airlines,
WM.png,WIA.png,Windward Island Airways,
WN.png,SWA.png,Southwest Airlines,
WO.png,WOA.png,World Airways,
WP.png,MKU.png,Island Air,
WQ.png,,Romavia,
WR.png,WEN.png,WestJet Encore,
WS.png,WJA.png,WestJet,
WT.png,SWT.png,Swiftair,
WV.png,RVP.png,Aero VIP,
WW.png,,Wow Air,
WX.png,BCY.png,CityJet,
WY.png,OAS.png,Oman Air,
WZ.png,RWZ.png,Red Wings Airlines,
X3.png,TUI.png,TUIfly,
X4.png,,Air Excursions,
X6.png,ATA.png,Airlines Reporting Corp,ARC
X7.png,,Exec Air,Air Service
X9.png,NVD.png,Avion Express,City Star Air
XB.png,,IATA,
XC.png,CAI.png,Corendon Airlines,
XD.png,,Scheduled Airlines Traffic Offices,
XE.png,JSX.png,Delux Public Charter,
XF.png,VLK.png,Vladivostok Air,
XG.png,,Sun Express Germany,
XH.png,,Non Iata Codeshare Carrier,
XJ.png,TAX.png,Thai AirAsia X,Mesaba Air
XK.png,CCM.png,Air Corsica,
XL.png,LNE.png,LATAM Ecuador,
XM.png,IMX.png,Zimex Aviation,
XN.png,XAR.png,XpressAir,
XO.png,,Seair,Xinjiang
XP.png,CXP.png,Xtra Airways,
XQ.png,SXS.png,SunExpress,
XS.png,SIT.png,SITA,
XT.png,INX.png,Indonesia AirAsia X,
XU.png,,African Express Airways,Link Airways
XW.png,NCT.png,NokScoot,NokScoot Airlines Company Limited
XY.png,KNE.png,Flynas,Nas Air
XZ.png,EXY.png,South African Express,SA Express
Y0.png,,Yellow Airtaxi,
Y1.png,,Travel Technology Interactive,
Y2.png,RGN.png,Ygnus Air,
Y3.png,VOS.png,Gryphon Airlines,
Y4.png,VOI.png,Volaris,Concesionaria Vuela Compañía de Aviación
Y5.png,,Golden Myanmar Airlines,
Y6.png,AYD.png,AB Aviation,
Y7.png,TYA.png,NordStar,
Y8.png,YZR.png,Yangtze River Express,
Y9.png,IRK.png,Kish Airlines,Trans Air
YA.png,,Nego Airline One,
YC.png,LLM.png,Yamal Airlines,
YD.png,,Mauritania Airways,
YE.png,,Yan Air,
YG.png,OTL.png,South Airlines,
YH.png,AYG.png,Yangon Airways,
YI.png,,Yunnan Yingan Airline,
YJ.png,AWM.png,Asian Wings Airways,
YK.png,,Avia Traffic Company,Avia Traffic
YL.png,LWA.png,Libyan Wings,
YM.png,MGX.png,Montenegro Airlines,
YN.png,CRQ.png,Air Creebec,Air Creebec
YO.png,MCM.png,Heli Air Monaco,
YP.png,PAG.png,Perimeter Aviation,
YQ.png,LCT.png,TAR Aerolíneas,TAR Aerolineas
YR.png,EGJ.png,Scenic Airlines,
YS.png,RAE.png,Regional,Régional Compagnie Aérienne Européenne
YU.png,MMZ.png,Euroatlantic Airways,
YV.png,ASH.png,Mesa Airlines,
YW.png,ANE.png,Air Nostrum,
YX.png,MEP.png,Republic Airline,
YZ.png,ALY.png,Alas Uruguay,
Z2.png,EZD.png,AirAsia Zest,
Z3.png,,PM Air,
Z4.png,GZQ.png,Zagrosjet,
Z5.png,GMG.png,GMG Airlines,
Z6.png,UDN.png,Dniproavia,
Z7.png,AUZ.png,Amaszonas Uruguay,
Z8.png,AZN.png,Línea Aérea Amaszonas,
Z9.png,BEK.png,Jsc Bek Air,
ZA.png,SWM.png,Sky Angkor Airlines,Skywings Asia Airlines
ZB.png,MON.png,Monarch Airlines,
ZD.png,EWR.png,Ewa Air,Flying Dandy
ZE.png,ESR.png,Eastar Jet,
ZF.png,KTK.png,Azur Air,
ZG.png,GOZ.png,Groznyy Avia,
ZH.png,CSZ.png,Shenzhen Airlines,
ZI.png,AAF.png,Aigle Azur,
ZJ.png,ZMA.png,Zambezi Airlines,
ZK.png,GLA.png,Great Lakes Airlines,
ZL.png,RXA.png,Regional Express,
ZM.png,MBB.png,Pegasus Asia,Air Manas
ZN.png,NAY.png,Naysa,Air Bourbon
ZP.png,AZP.png,Paranair,
ZR.png,,Punto Azul,
ZS.png,,Kazaviaspas,
ZT.png,,Titan Airways,
ZU.png,,Sunair,
ZV.png,VAX.png,V Air,
ZW.png,AWI.png,Air Wisconsin,
ZX.png,GGN.png,Air Georgian,Air Alliance
ZY.png,,China Air Cargo,
ZZ.png,,Airline Service,
